suburb,total_crimes_2025
Manukau Central,3750
Auckland Central West,3360
Takanini South,2287
Henderson South,2081
Mt Wellington South,1635
Auckland Central East,1554
Lynnmall,1448
Papakura Central,1372
Sandringham North,1279
Westgate,1240
Albany,1222
Newmarket,1198
Mangere Central,919
Mangere South,911
Silverdale Central,884
Papatoetoe Central,874
Kingdale,837
Henderson North,826
Whenuapai West,820
Westlake,812
Bledisloe Park,802
Glenfield Central,770
Point Chevalier East,748
Pukekohe North,632
Dannemora,629
Hillsborough East,596
Clendon South,579
Papakura North,578
Otahuhu West,572
Mt Wellington North,567
Manurewa Central,556
Ormiston,532
Rongomai,504
New Lynn North,504
Wesley,500
Fairdene,497
Three Kings,497
Glen Innes West,497
Greenmount,495
Remuera South,490
Hamlin,479
Dingwall,474
Onehunga South East,472
Te Atatu Central,450
Walmsley,443
Takanini West,431
Wiri,424
St Lukes,413
Warkworth,395
Browns Bay,379
Mt Wellington West,375
Tuff Crater,373
Glen Eden East,365
Rosehill,360
Hillsborough West,357
Royal Oak,353
Epsom North,344
Hobsonville East,338
Sandringham West,337
Hingaia,326
Takanini North,324
Millhouse,323
Takapuna Central,323
Blockhouse Bay,313
Papakura North East,312
Westmere,307
Pakuranga Central,305
Papatoetoe North,302
Balmoral,300
Kauri Park,300
Windsor Park,298
Glenavon,297
Meadowland,294
Grey Lynn East,291
Dairy Flat-Redvale,290
Mangere East,288
Green Bay,282
Newton,281
St Johns,268
Harania West,265
Burswood,264
Mt Eden North,263
Roberton,258
Huapai,257
Donegal Park,256
Highbrook,254
Puhinui South,252
Pukekohe West,245
Pinehill,242
Mangere Bridge,240
Waiuku East,237
Highland Park,227
Mt Hobson,225
Grafton East,225
Kelston Central,221
Paremoremo East,220
North Harbour East,220
Bombay,217
Lynfield South,217
Abbotts Park,216
Homai East,211
Glenfield North,210
Leabank,209
Manurewa East,209
Hillpark,207
Parnell West,207
Papatoetoe East,207
Kingseat,206
Orewa,206
Mt Albert Central,204
Target Road,200
Edmonton,193
Papatoetoe West,187
Freemans Bay,187
Kingsland,184
Otara North,182
Howick Central,181
Fairburn,179
Weiti River,179
Papakura East,178
Stonefields,169
Mission Bay,167
Lake Pupuke,164
One Tree Hill Central,162
Glendene South,162
Springleigh,159
Wade Heads,156
Mascot,154
Pigeon Mountain South,153
Avondale West,152
Tamaki,151
Royal Heights,147
Ponsonby East,147
Sturges North,143
Waiuku West,142
Kohuora,139
Penrose,138
Sunnybrae,138
Mt Wellington Domain,137
Drury,136
Fruitvale,134
Surrey Crescent,132
Te Papapa,127
Orakei North,127
Sunnyvale,126
Ponsonby West,125
New Windsor,124
New Lynn South,123
Beachhaven North,123
Otahuhu North,123
Pahurehure,121
Beaumont,119
Onehunga South West,118
Grafton West,117
Puhinui North,117
Wellsford,116
Waimumu North,116
Ferndale,115
Ranui Domain,115
Middlemore,113
Maungawhau,112
Woodglen,111
Sherbourne,108
Ellerslie South,108
Hauraki,107
Mcleod,106
Rosebank,106
Starling Park,102
Waterview,102
Eden Terrace,101
Arch Hill,101
Grange,101
Akarana,100
Weymouth East,99
Birkenhead East,98
Point England,98
Meadowbank South,98
Aorere,95
Wakeling,93
Rewarewa,93
Wattle Farm,92
Randwick Park,91
Sunnynook,89
Totara Heights,89
Helensville,88
Panmure Basin,85
Beachlands-Maraetai,84
Grey Lynn West,83
West Harbour,83
Redoubt North,83
Massey Park,83
Swanson,82
Lynfield North,82
Northcote South,81
Onehunga North West,80
Mangere Station,80
Glendene North,79
Edgewater,79
Massey West,79
St Marys,78
Mt Eden South,77
Viscount,77
Harania East,77
Burbank,76
Favona West,76
Otara West,75
Redoubt South,75
Rowandale,75
Owairaka West,75
One Tree Hill East,75
Clevedon,74
Ellerslie North,73
Durham Green,72
Otara South,70
Elsmore Park,70
Avondale South,69
Parrs Park West,69
Waikowhai East,69
Pakuranga East,68
Chelsea,68
Ranui South,67
Ardmore,67
Epsom Central,67
Baverstock Oaks,66
Urlich,66
Ferguson,65
Oratia,65
Glen Innes North,65
Owairaka East,64
Greenhithe,64
Sunnyhills,64
Mt St John,63
Clover Park,63
McLaren Park,62
Long Bay,61
Otara East,61
Glen Innes East,60
Papakura South,60
Ocean View,60
Lucken Point,58
Stanmore Bay West,58
Tangutu,58
Mt Eden East,58
Point Chevalier South,57
Beachhaven South,57
Arahanga,57
Ambury,57
Titirangi South,56
Matipo,56
Oranga,56
Weymouth West,56
Meadowbank North,53
Kaipatiki,53
Mt Victoria,53
Crum Park,52
Monarch Park,52
Fairview,52
Torbay,51
Cape Rodney South,51
Homai West,51
Red Beach East,51
Bremner,49
Point Chevalier West,49
Sandringham East,48
Gulf Harbour,48
St Heliers,48
Waimumu South,48
Waitaramoa,48
Opaheke,48
Royal Road West,47
Stanmore Bay East,47
Red Hill,46
Tauhoa-Puhoi,46
Favona South,45
Karekare,44
Mairangi Bay,44
North Harbour West,43
Manly,43
Birdwood East,42
Favona North,41
Parnell East,41
Kumeu East,40
Cape Rodney,40
Birkdale North,40
Epsom South,39
Howick South,39
Harania North,38
Remuera West,38
Parrs Park,38
Birkdale South,38
Paerata-Cape Hill,37
Pigeon Mountain North,37
Kaurilands,36
Onehunga North East,35
Hyperion,35
Glendhu,35
Otahuhu East,35
Waikowhai West,35
Clendon North,35
Forrest Hill,35
Hunua,33
Waima,33
Bucklands and Eastern Beaches,33
Palm Heights,33
Konini,33
Parakai Urban,33
Windy Ridge,32
Riverhead Urban,31
Murvale,31
Bucklands Beach South,31
Seacliffe,31
Northcross,30
Howick West,30
Rothesay Bay,29
Orakei South,29
Opanuku,29
Herne Bay,29
Point View,29
Pakuranga North,29
Waiata,28
Army Bay,28
Glenbrook,27
Cockle Bay,27
Oaktree,27
Narrow Neck,27
Silverdale North,26
Turanga,26
Tahekeroa,26
Glendowie,25
Golfland,25
Snells Beach,25
Awaruku,24
Otimai,24
Murrays Bay,24
Unsworth Heights,23
Mellons Bay,23
Orewa West,23
Kohimarama East,22
Awhitu,22
Birdwood West,21
Wymondley,21
Waiake,20
Red Beach West,20
Laingholm,20
Bayswater,19
Kohimarama West,19
Henderson West,19
Castor Bay,19
Witheford,19
Kumeu West,19
Kilkenny,19
South Head,18
Matakana,18
Kawakawa-Orere,18
Campbells Bay,18
Riverhead,18
Swanson South,17
Taupaki,15
Hobsonville South,14
Waitakere,14
Half Moon Bay,14
Kaukapakapa,13
Eden Road-Hill Top,12
Mill Road,12
Muriwai Beach,12
Patumahoe,12
Rewiti,12
Omaha,11
Glamorgan,10
Stanley Bay,10
Vipond,10
Waimauku,10
Whangapouri Creek,9
Crown Hill,9
Bleakhouse,8
Runciman,8
Redoubt East,8
Buckland,8
Mission Heights,8
Muriwai Valley,8
St Lukes North,7
Kaukapakapa Rural,7
Oceanic-Auckland Region West,7
South Waiuku,6
Waitakere West,6
Hatfields Beach,6
Shelly Park,6
Great Barrier Island,6
Algies Bay,5
Waipareira West,5
Tidal-Eastern Bays,5
Herald,5
Silverdale South,5
Oratia West,3
Parakai Rural,3
Paremoremo West,3
Leigh,2
Helensville South,2
Kawau,2
Islands-Motutapu Rangitoto Rakino,1
Paparata,1
Stillwater,1
Inlet-Port Fitzroy,1
Inlet-Hobson Bay,1
Armour Bay,1
