area,total,2025-07,2025-08,2025-09,2025-10,2025-11,2025-12,2026-01,2026-02,2026-03,2026-04,2026-05,2026-06
Abbotts Park,178,13,21,16,18,12,12,10,18,12,13,18,15
Akarana,111,9,8,11,11,9,5,12,6,16,7,14,3
Albany,1077,99,96,110,92,89,89,99,73,53,97,91,89
Algies Bay,5,1,1,0,0,2,0,0,0,0,0,0,1
Ambury,57,6,4,3,4,1,9,12,3,4,1,6,4
Aorere,103,4,10,11,9,18,6,8,3,4,5,7,18
Arahanga,47,1,4,3,4,10,7,4,2,3,2,4,3
Arch Hill,91,4,10,7,6,6,11,7,7,8,7,13,5
Ardmore,70,2,4,7,7,8,5,7,7,4,12,4,3
Armour Bay,4,0,0,0,0,1,0,0,0,3,0,0,0
Army Bay,32,1,2,3,2,6,2,3,3,7,2,0,1
Auckland Central East,1408,101,133,113,133,138,105,118,109,148,96,106,108
Auckland Central West,3247,281,289,254,247,270,287,284,244,251,284,289,267
Auckland City-Marinas,1,0,0,0,0,0,0,0,0,0,1,0,0
Auckland Harbourside,1168,112,91,83,91,115,76,76,77,135,110,91,111
Avondale South,61,1,3,2,5,8,2,6,4,8,6,6,10
Avondale West,121,8,16,14,9,11,5,5,15,11,12,9,6
Awaruku,21,3,1,1,3,6,0,0,5,0,1,1,0
Awhitu,20,1,1,1,3,3,0,1,0,5,1,2,2
Balmoral,352,22,43,21,14,31,31,37,28,24,32,39,30
Baverstock Oaks,53,5,2,5,13,2,5,4,5,3,2,5,2
Bays-Waiheke Island,1,0,0,0,0,0,0,0,0,0,0,0,1
Bayswater,24,2,2,0,3,2,1,2,1,5,1,3,2
Beachhaven North,84,8,9,8,10,10,9,3,4,7,6,5,5
Beachhaven South,50,6,3,6,5,4,3,3,1,7,3,8,1
Beachlands-Maraetai,70,6,2,6,5,12,14,8,3,3,2,7,2
Beaumont,116,8,9,9,9,9,14,10,13,10,8,8,9
Birdwood East,48,5,5,2,4,6,7,3,5,5,2,1,3
Birdwood West,13,0,1,0,3,0,2,1,1,4,1,0,0
Birkdale North,40,5,1,2,6,3,2,4,2,5,4,2,4
Birkdale South,28,1,9,1,4,2,4,3,2,1,0,1,0
Birkenhead East,94,6,5,7,5,9,12,5,4,10,6,16,9
Bleakhouse,12,1,0,2,0,1,2,1,0,1,1,2,1
Bledisloe Park,820,74,64,65,75,71,66,57,65,69,69,76,69
Blockhouse Bay,180,39,28,25,16,10,9,6,9,9,10,7,12
Bombay,228,16,18,15,18,13,28,12,34,29,15,13,17
Bremner,43,7,0,6,0,4,3,8,3,2,3,1,6
Browns Bay,331,30,32,31,27,23,32,58,12,24,24,24,14
Buckland,5,2,0,0,0,1,0,1,0,0,0,1,0
Bucklands Beach South,26,2,3,5,3,3,1,3,0,1,1,1,3
Bucklands and Eastern Beaches,45,6,3,2,2,7,2,4,4,2,4,1,8
Burbank,52,3,6,1,9,5,3,5,3,4,4,3,6
Burswood,204,30,20,18,19,20,14,15,14,16,14,10,14
Campbells Bay,10,3,0,1,0,1,1,1,1,2,0,0,0
Cape Rodney,43,2,1,1,5,6,1,6,1,9,5,3,3
Cape Rodney South,53,7,4,3,3,5,4,3,8,8,3,3,2
Castor Bay,16,2,2,1,2,2,0,0,1,0,1,4,1
Chelsea,101,2,5,9,12,4,7,26,9,7,6,5,9
Clendon North,25,2,2,2,1,3,1,2,2,3,2,2,3
Clendon South,451,47,33,45,58,28,25,27,36,36,55,46,15
Clevedon,71,6,8,3,6,8,6,6,5,10,3,5,5
Clover Park,64,1,6,4,12,2,6,5,3,3,7,7,8
Cockle Bay,28,2,0,2,5,4,6,3,1,0,0,1,4
Crown Hill,12,0,1,0,2,1,0,1,1,4,0,1,1
Crum Park,41,3,3,5,5,5,2,2,4,3,1,1,7
Dairy Flat-Redvale,243,19,25,21,21,20,28,19,22,26,10,16,16
Dannemora,572,52,54,49,45,47,44,39,38,47,58,56,43
Dingwall,440,33,41,41,35,50,50,40,31,33,39,26,21
Donegal Park,230,17,26,22,25,20,20,20,19,15,15,13,18
Drury,146,10,17,9,8,6,10,22,13,13,12,9,17
Durham Green,61,3,10,7,7,5,6,2,3,2,5,8,3
Eden Road-Hill Top,15,2,1,0,1,0,2,1,3,0,4,1,0
Eden Terrace,61,3,7,10,7,5,1,2,6,4,6,6,4
Edgewater,118,4,6,8,8,11,5,10,10,16,14,11,15
Edmonton,91,12,7,7,6,8,2,3,8,7,7,10,14
Ellerslie North,81,3,7,8,4,8,3,5,9,10,3,8,13
Ellerslie South,84,3,8,5,7,4,12,6,12,9,3,6,9
Elsmore Park,69,8,5,9,10,6,1,5,7,4,6,4,4
Epsom Central,70,2,6,4,8,2,2,9,2,7,7,10,11
Epsom North,265,41,23,25,16,18,21,20,27,23,7,20,24
Epsom South,44,1,2,3,5,1,1,5,3,4,9,6,4
Fairburn,188,8,15,19,10,21,16,13,14,8,25,16,23
Fairdene,472,25,39,34,55,52,41,37,47,40,37,31,34
Fairview,66,8,9,7,5,2,6,2,6,5,6,5,5
Favona North,34,3,3,4,3,3,3,2,3,3,2,3,2
Favona South,43,5,4,6,1,5,5,4,3,2,7,1,0
Favona West,75,3,5,8,5,8,9,8,13,4,3,5,4
Ferguson,94,3,4,7,9,9,8,11,5,14,17,5,2
Ferndale,112,6,12,7,10,5,7,10,12,18,7,6,12
Forrest Hill,32,4,2,3,0,4,0,3,4,6,2,2,2
Freemans Bay,165,15,14,3,11,16,16,12,12,14,17,18,17
Fruitvale,139,10,10,11,11,10,7,9,14,14,16,13,14
Glamorgan,11,0,0,2,2,1,0,0,1,1,3,1,0
Glen Eden East,365,30,23,26,36,37,29,39,22,35,23,36,29
Glen Innes East,50,4,7,6,5,3,7,1,4,4,1,1,7
Glen Innes North,58,5,5,2,5,5,7,3,4,4,5,7,6
Glen Innes West,626,51,29,40,56,38,86,49,36,54,65,62,60
Glenavon,270,25,29,28,22,18,28,22,17,22,13,24,22
Glenbrook,27,2,0,2,0,0,5,1,0,5,6,2,4
Glendene North,71,2,6,5,8,13,5,4,3,10,4,6,5
Glendene South,144,9,12,10,14,13,22,20,12,8,7,6,11
Glendhu,43,4,2,1,7,2,1,6,6,4,4,3,3
Glendowie,22,1,3,0,0,2,2,1,2,1,4,3,3
Glenfield Central,643,63,49,48,38,67,62,50,50,38,45,63,70
Glenfield North,192,15,18,20,5,19,17,18,16,19,19,15,11
Golfland,23,0,0,4,3,1,2,1,0,4,4,3,1
Grafton East,261,13,18,22,22,25,31,38,13,18,20,17,24
Grafton West,92,6,5,8,6,5,14,8,3,11,8,12,6
Grange,112,9,4,9,11,8,5,11,18,7,6,15,9
Great Barrier Island,7,0,1,0,2,0,0,1,0,0,1,1,1
Green Bay,282,20,23,22,39,18,16,33,39,29,20,12,11
Greenhithe,54,2,6,8,4,1,4,5,5,7,5,1,6
Greenmount,381,41,44,49,35,27,23,19,26,40,33,28,16
Grey Lynn East,272,20,14,15,11,14,19,29,18,50,39,20,23
Grey Lynn West,69,11,4,3,3,12,6,3,4,4,7,3,9
Gulf Harbour,38,1,3,4,2,7,5,1,7,3,3,1,1
Half Moon Bay,13,0,1,2,1,1,1,1,0,4,2,0,0
Hamlin,259,24,21,25,20,9,16,21,37,20,23,21,22
Harania East,81,4,2,5,11,9,14,3,6,7,5,8,7
Harania North,56,6,5,3,1,2,2,5,5,2,5,14,6
Harania West,396,17,36,13,21,18,26,14,24,16,63,98,50
Hatfields Beach,7,0,0,3,1,0,0,1,0,0,0,0,2
Hauraki,87,12,2,6,4,7,7,8,6,8,13,8,6
Helensville,65,16,3,6,2,3,5,11,1,3,7,2,6
Helensville South,3,0,0,0,0,0,0,1,0,1,1,0,0
Henderson North,798,67,42,42,107,69,55,122,66,72,48,46,62
Henderson South,1879,112,157,193,172,174,148,165,144,159,132,166,157
Henderson West,23,3,2,0,1,0,1,1,3,1,5,0,6
Herald,6,0,0,0,1,0,0,2,0,1,1,1,0
Herne Bay,20,0,4,0,2,3,2,1,2,2,2,0,2
Highbrook,215,25,15,17,18,23,22,17,18,12,17,13,18
Highland Park,192,22,22,16,12,16,17,16,9,16,14,16,16
Hillpark,199,12,12,18,13,14,22,15,28,17,20,13,15
Hillsborough East,544,57,44,55,48,58,57,31,36,37,43,34,44
Hillsborough West,371,37,44,42,26,22,16,22,23,31,27,37,44
Hingaia,259,34,28,15,15,28,20,34,12,30,17,16,10
Hobsonville East,257,41,23,29,32,15,26,11,12,20,11,21,16
Hobsonville South,14,0,1,0,0,6,1,1,1,1,0,0,3
Homai East,191,16,20,19,15,8,15,18,19,11,26,13,11
Homai West,48,6,5,6,4,2,3,3,1,2,0,9,7
Howick Central,166,26,14,13,8,11,10,10,9,16,15,16,18
Howick South,41,3,9,2,1,3,4,2,7,1,4,2,3
Howick West,25,1,1,1,1,6,2,1,1,6,4,0,1
Huapai,182,21,20,19,19,21,15,14,11,11,10,8,13
Hunua,28,4,1,3,4,1,3,0,2,3,3,2,2
Hyperion,33,3,1,0,2,6,4,2,4,2,4,3,2
Inlet-Manukau Harbour,5,0,0,0,1,0,0,1,0,3,0,0,0
Inlet-Waitemata Harbour,3,0,0,0,0,0,0,0,0,1,1,1,0
Kaipatiki,51,2,2,3,3,10,2,4,4,3,7,5,6
Karekare,51,3,5,2,2,3,10,6,10,6,1,3,0
Kaukapakapa,12,1,2,1,1,0,1,0,1,1,3,0,1
Kaukapakapa Rural,11,0,2,0,0,0,0,1,2,3,1,1,1
Kauri Park,197,32,10,10,9,7,23,15,18,33,5,11,24
Kaurilands,38,2,2,3,3,7,4,2,2,1,5,2,5
Kawakawa-Orere,19,1,1,1,1,0,1,2,4,1,3,3,1
Kawau,2,0,0,0,1,0,0,0,0,0,0,0,1
Kelston Central,252,18,15,22,25,18,10,9,19,27,26,41,22
Kilkenny,15,0,1,3,0,1,5,1,0,2,1,0,1
Kingdale,717,67,73,44,63,56,57,61,76,58,56,52,54
Kingseat,265,13,27,19,23,16,25,20,23,51,19,15,14
Kingsland,169,16,12,10,13,18,20,5,16,15,10,19,15
Kohimarama East,22,1,0,2,1,4,1,2,0,3,5,2,1
Kohimarama West,23,2,0,1,0,4,1,2,1,1,7,0,4
Kohuora,132,10,13,7,11,12,19,11,5,8,18,10,8
Konini,36,3,4,3,1,2,2,5,1,7,4,2,2
Kumeu East,36,2,1,5,3,3,4,3,3,6,1,4,1
Kumeu West,20,2,1,3,2,0,1,1,2,3,4,1,0
Laingholm,16,2,1,1,0,2,4,2,1,1,0,2,0
Lake Pupuke,163,8,22,9,8,11,10,13,10,8,12,25,27
Leabank,191,8,17,17,12,30,15,10,16,17,17,15,17
Leigh,1,0,0,0,1,0,0,0,0,0,0,0,0
Long Bay,66,8,5,0,3,9,12,3,3,5,7,5,6
Lucken Point,39,2,0,4,5,6,4,1,3,1,1,5,7
Lynfield North,72,5,8,8,11,8,7,1,5,5,5,6,3
Lynfield South,269,27,32,27,16,18,20,23,15,14,13,35,29
Lynnmall,1361,131,94,106,124,126,144,120,111,114,102,92,97
Mairangi Bay,79,3,2,6,4,4,6,2,7,0,16,13,16
Mangere Bridge,386,10,13,18,16,49,39,46,47,46,34,39,29
Mangere Central,810,90,91,68,68,73,62,67,64,62,48,63,54
Mangere East,271,14,10,34,51,28,23,12,11,20,22,23,23
Mangere South,837,91,73,71,81,54,56,77,63,76,63,73,59
Mangere Station,63,6,2,8,7,6,6,6,0,5,7,2,8
Manly,44,7,3,2,4,6,3,2,4,3,3,4,3
Manukau Central,3353,274,301,345,295,266,247,239,274,318,233,261,300
Manurewa Central,488,43,42,40,42,29,42,38,37,47,44,43,41
Manurewa East,237,13,20,13,18,16,20,18,16,24,15,32,32
Mascot,121,15,10,9,14,14,13,7,13,5,6,8,7
Massey Park,80,5,9,8,9,10,5,8,6,7,8,3,2
Massey West,63,5,10,9,6,2,7,5,4,5,2,5,3
Matakana,14,0,0,1,2,4,2,3,0,1,1,0,0
Matheson Bay,1,0,0,0,0,0,0,1,0,0,0,0,0
Matipo,65,3,5,6,4,5,8,6,11,8,2,4,3
Maungawhau,96,7,3,11,9,15,7,7,5,11,7,7,7
McLaren Park,46,3,5,0,3,5,0,4,2,7,4,7,6
Mcleod,104,9,4,10,7,11,14,3,12,7,7,11,9
Meadowbank North,49,8,4,3,0,3,5,2,6,2,6,5,5
Meadowbank South,67,3,3,4,5,4,4,3,5,7,8,8,13
Meadowland,320,19,23,12,29,36,29,43,28,27,25,20,29
Mellons Bay,32,1,3,3,2,1,2,4,5,1,3,5,2
Middlemore,121,7,6,13,7,8,7,8,11,14,13,18,9
Mill Road,15,2,0,3,0,1,0,0,1,1,2,2,3
Millhouse,245,21,17,30,24,30,16,23,22,14,18,16,14
Mission Bay,156,9,14,4,7,9,14,18,20,22,12,14,13
Mission Heights,15,1,1,0,3,0,1,2,0,4,0,1,2
Monarch Park,68,2,2,2,5,6,3,13,7,7,9,8,4
Mt Albert Central,189,11,10,17,10,21,14,15,15,16,21,20,19
Mt Eden East,53,6,5,1,3,9,4,3,1,5,4,4,8
Mt Eden North,295,28,11,20,17,23,30,22,24,27,27,34,32
Mt Eden South,70,6,6,1,7,9,11,7,3,6,7,6,1
Mt Hobson,215,18,13,11,18,23,18,28,17,16,21,18,14
Mt St John,57,5,5,5,7,4,2,3,7,0,4,10,5
Mt Victoria,57,1,7,3,3,3,3,2,5,4,9,9,8
Mt Wellington Domain,132,17,12,3,15,15,12,5,16,11,7,8,11
Mt Wellington North,500,40,45,50,38,48,33,57,41,33,41,33,41
Mt Wellington South,1775,118,113,135,154,160,182,146,155,153,165,127,167
Mt Wellington West,320,21,31,29,33,21,20,31,24,31,22,25,32
Muriwai Beach,15,2,0,0,0,2,2,1,4,2,0,1,1
Muriwai Valley,4,2,0,0,0,1,1,0,0,0,0,0,0
Murrays Bay,20,1,4,1,3,1,0,6,2,0,0,2,0
Murvale,35,6,2,2,4,1,0,1,5,5,3,3,3
Narrow Neck,19,2,4,2,2,3,0,2,1,2,0,0,1
New Lynn North,488,61,36,35,50,39,55,47,53,29,25,32,26
New Lynn South,118,7,15,14,6,13,11,8,10,13,7,7,7
New Windsor,103,12,7,14,9,13,2,7,4,6,8,9,12
Newmarket,1263,105,80,82,49,106,123,104,92,145,112,151,114
Newton,308,23,34,15,23,28,28,29,14,25,22,32,35
North Harbour East,174,18,19,19,8,17,15,12,13,11,13,17,12
North Harbour West,34,4,0,3,3,3,0,2,6,3,2,4,4
Northcote South,80,2,7,8,9,7,5,9,16,5,4,3,5
Northcross,22,2,2,2,4,0,3,2,1,2,3,0,1
Oaktree,23,3,0,3,2,2,1,1,0,6,1,4,0
Ocean View,52,4,3,4,9,7,4,4,2,4,5,4,2
Oceanic-Auckland Region East,3,0,1,0,0,1,0,0,0,0,0,1,0
Oceanic-Auckland Region West,3,0,0,0,0,1,0,1,0,0,0,1,0
Omaha,10,0,1,0,1,0,3,2,2,1,0,0,0
One Tree Hill Central,122,8,16,5,13,12,16,13,7,10,2,12,8
One Tree Hill East,73,9,9,7,4,3,3,3,6,8,6,5,10
Onehunga North East,37,1,2,1,5,3,2,7,2,5,2,0,7
Onehunga North West,97,3,4,7,6,12,7,12,6,11,12,9,8
Onehunga South East,448,40,41,28,28,40,40,41,53,34,31,30,42
Onehunga South West,99,7,4,7,9,9,14,9,8,15,4,5,8
Opaheke,62,2,3,0,3,7,6,10,8,7,3,8,5
Opanuku,37,1,3,2,3,0,6,4,2,8,5,2,1
Orakei North,113,6,7,4,11,12,14,11,7,12,11,11,7
Orakei South,27,2,0,2,0,4,3,2,3,4,2,3,2
Oranga,70,5,6,4,3,8,5,10,7,11,1,2,8
Oratia,60,9,6,4,7,1,1,6,7,7,5,1,6
Oratia West,3,0,0,0,1,0,1,0,1,0,0,0,0
Orewa,214,24,11,12,19,17,19,24,24,16,19,13,16
Orewa West,19,1,2,1,3,1,4,0,0,4,0,0,3
Ormiston,560,42,29,54,54,46,46,47,64,38,39,45,56
Otahuhu East,34,4,1,4,0,4,2,0,1,7,3,5,3
Otahuhu North,113,5,15,6,11,11,12,4,13,7,10,14,5
Otahuhu West,577,49,50,35,48,53,45,48,58,55,55,39,42
Otara East,54,3,6,7,3,5,6,3,8,3,6,0,4
Otara North,175,11,10,13,17,12,21,16,13,21,10,17,14
Otara South,71,5,5,5,3,6,8,2,7,8,8,4,10
Otara West,54,5,3,3,7,10,3,3,7,4,3,2,4
Otimai,20,3,1,2,2,2,0,1,2,0,4,0,3
Owairaka East,61,3,4,2,5,6,15,7,0,5,3,7,4
Owairaka West,60,5,9,2,5,4,6,2,4,4,5,6,8
Paerata-Cape Hill,47,5,1,3,1,1,5,8,6,3,4,5,5
Pahurehure,102,7,7,6,12,8,6,15,0,4,10,13,14
Pakuranga Central,277,40,41,34,29,20,9,19,14,15,18,23,15
Pakuranga East,49,8,4,8,5,1,2,3,5,6,1,2,4
Pakuranga North,33,5,3,4,2,2,0,0,1,6,3,3,4
Palm Heights,35,1,1,2,1,1,3,5,2,3,6,7,3
Panmure Basin,90,6,4,8,8,6,9,14,6,9,4,10,6
Papakura Central,1129,95,122,91,100,68,64,92,110,95,68,119,105
Papakura East,155,14,9,14,17,7,9,17,20,15,14,15,4
Papakura North,477,26,47,47,35,30,32,25,41,42,28,50,74
Papakura North East,236,21,13,31,17,29,22,14,14,26,15,22,12
Papakura South,59,4,2,1,9,5,2,8,8,6,7,2,5
Paparata,1,0,0,0,0,0,0,0,0,1,0,0,0
Papatoetoe Central,923,77,64,80,64,65,44,61,85,95,83,123,82
Papatoetoe East,217,18,11,16,13,19,21,23,23,30,16,12,15
Papatoetoe North,317,28,18,16,30,26,22,18,37,42,36,28,16
Papatoetoe West,175,11,13,16,13,14,11,16,10,18,12,23,18
Parakai Rural,5,0,0,0,1,0,1,0,0,0,2,0,1
Parakai Urban,58,6,1,0,3,2,6,3,2,10,12,8,5
Paremoremo East,148,17,17,9,10,14,17,13,14,6,6,14,11
Paremoremo West,3,0,0,1,0,0,0,0,1,0,1,0,0
Parnell East,21,9,1,1,0,1,2,1,0,0,3,2,1
Parnell West,207,19,13,23,9,16,23,9,16,30,21,13,15
Parrs Park,34,3,4,2,1,0,2,2,2,9,2,5,2
Parrs Park West,56,8,7,2,3,7,1,2,6,5,1,7,7
Patumahoe,19,1,3,1,1,0,2,6,1,2,1,0,1
Penrose,140,6,16,6,16,18,7,11,14,7,11,16,12
Pigeon Mountain North,31,3,2,3,5,0,2,3,1,2,0,3,7
Pigeon Mountain South,89,21,12,14,14,4,2,1,6,2,5,7,1
Pinehill,119,30,25,6,5,0,9,3,1,2,14,12,12
Point Chevalier East,764,79,83,69,42,49,43,51,42,93,66,84,63
Point Chevalier South,48,7,4,3,8,1,4,3,4,6,5,2,1
Point Chevalier West,54,1,0,1,10,5,9,4,6,5,3,6,4
Point England,108,8,14,8,7,10,9,9,10,7,11,6,9
Point View,34,4,6,1,1,2,1,3,6,3,4,2,1
Ponsonby East,131,10,9,17,8,13,16,7,10,6,4,16,15
Ponsonby West,123,15,15,16,10,1,2,8,2,11,10,22,11
Puhinui North,148,5,12,5,10,15,22,12,8,24,20,6,9
Puhinui South,239,21,18,19,8,20,16,30,20,21,27,19,20
Pukekohe North,580,44,61,38,39,46,49,48,59,65,47,40,44
Pukekohe West,227,29,31,13,21,13,19,18,23,13,13,17,17
Randwick Park,84,8,6,5,5,15,8,12,10,3,2,8,2
Ranui Domain,121,11,8,4,15,10,3,20,10,14,2,9,15
Ranui South,61,2,7,3,5,11,7,2,2,9,4,3,6
Red Beach East,57,4,2,4,5,8,5,8,12,3,1,2,3
Red Beach West,16,2,0,1,1,1,2,1,2,2,1,1,2
Red Hill,47,5,1,2,5,4,4,4,6,5,3,3,5
Redoubt East,8,0,0,2,2,0,0,1,1,1,0,1,0
Redoubt North,77,5,4,10,9,6,12,4,6,6,6,7,2
Redoubt South,88,8,6,5,2,7,8,8,5,12,5,8,14
Remuera South,540,44,28,9,17,30,29,79,61,88,77,49,29
Remuera West,34,2,3,1,5,2,3,3,1,6,4,1,3
Rewarewa,98,9,8,9,10,14,8,9,8,9,6,5,3
Rewiti,8,0,0,0,3,0,1,0,0,0,1,2,1
Riverhead,15,0,0,2,2,4,0,4,0,0,2,1,0
Riverhead Urban,32,3,1,1,3,2,3,0,3,7,4,4,1
Roberton,248,22,20,19,24,13,18,16,23,24,17,23,29
Rongomai,478,46,40,37,41,40,31,48,28,37,47,48,35
Rosebank,113,4,8,9,12,15,11,8,9,10,9,10,8
Rosehill,337,26,27,24,17,28,38,27,21,36,37,30,26
Rothesay Bay,26,4,3,1,2,2,2,3,0,2,4,1,2
Rowandale,66,2,7,7,3,5,7,9,3,6,8,2,7
Royal Heights,152,8,9,6,11,23,22,13,12,13,12,10,13
Royal Oak,270,25,24,13,27,23,22,30,22,38,15,19,12
Royal Road West,35,2,0,6,3,6,3,1,0,5,3,2,4
Runciman,7,2,1,0,1,0,0,1,0,0,0,0,2
Sandringham East,48,2,3,4,7,2,1,9,1,5,4,7,3
Sandringham North,1000,191,133,71,79,70,68,62,68,77,52,66,63
Sandringham West,275,27,24,16,28,32,27,23,17,20,19,27,15
Seacliffe,40,3,3,3,3,2,4,1,2,5,6,4,4
Shelly Park,8,1,0,1,2,0,1,0,1,2,0,0,0
Sherbourne,97,7,9,7,4,7,10,8,7,15,1,15,7
Silverdale Central,747,79,69,90,54,38,66,83,48,44,56,59,61
Silverdale North,22,2,1,1,6,1,3,3,1,2,1,1,0
Silverdale South,2,0,0,0,0,0,0,0,0,1,1,0,0
Snells Beach,23,1,1,1,3,5,1,4,1,2,0,2,2
South Head,19,0,3,1,1,3,3,4,0,2,0,0,2
South Waiuku,7,0,0,0,0,0,2,0,0,1,1,2,1
Springleigh,205,7,12,9,13,13,8,9,10,30,33,35,26
St Heliers,34,2,3,5,3,3,3,4,2,5,2,1,1
St Johns,317,28,15,37,11,23,18,35,28,47,28,21,26
St Lukes,393,31,35,37,35,33,21,22,28,37,44,31,39
St Lukes North,7,0,1,2,2,0,0,2,0,0,0,0,0
St Marys,75,5,7,11,6,3,5,9,6,4,6,6,7
Stanley Bay,19,0,0,0,3,1,5,0,2,0,3,1,4
Stanmore Bay East,29,3,1,3,4,6,0,3,2,3,1,2,1
Stanmore Bay West,62,4,2,6,3,3,4,5,9,10,4,7,5
Starling Park,97,6,6,9,6,10,12,9,9,7,8,7,8
Stonefields,211,14,12,10,22,20,21,15,18,26,21,18,14
Sturges North,140,12,8,8,13,15,17,8,10,20,9,6,14
Sunnybrae,125,12,12,6,7,11,11,14,9,9,14,13,7
Sunnyhills,65,1,5,7,3,9,5,3,10,3,1,12,6
Sunnynook,107,9,6,3,6,5,5,9,4,16,14,14,16
Sunnyvale,125,17,4,6,7,10,15,15,16,4,6,16,9
Surrey Crescent,101,9,7,9,7,5,11,13,9,9,11,7,4
Swanson,81,5,9,2,13,5,8,8,6,11,4,7,3
Swanson South,16,0,3,3,1,2,3,0,2,0,0,1,1
Tahekeroa,32,1,2,4,1,3,6,2,4,1,1,4,3
Takanini North,254,21,13,28,27,20,27,20,16,22,12,26,22
Takanini South,1979,194,162,141,137,128,129,172,161,196,180,181,198
Takanini West,351,44,24,29,28,18,44,25,29,27,38,27,18
Takapuna Central,305,28,22,27,22,29,36,28,27,29,18,14,25
Tamaki,123,11,6,10,12,13,13,6,5,13,10,9,15
Tamaki Strait,1,0,0,0,0,0,0,1,0,0,0,0,0
Tangutu,53,3,7,6,3,4,1,6,7,7,6,1,2
Target Road,166,15,27,10,9,11,16,12,20,13,13,16,4
Tauhoa-Puhoi,51,1,5,2,4,4,4,3,7,6,7,2,6
Taupaki,23,2,1,4,1,3,0,5,2,2,2,1,0
Te Atatu Central,195,19,20,26,16,19,14,16,13,15,15,11,11
Te Papapa,108,9,10,6,9,13,2,9,6,22,14,5,3
Three Kings,478,32,32,22,39,48,30,51,32,45,52,60,35
Tidal-Eastern Bays,4,0,0,0,0,2,0,2,0,0,0,0,0
Tidal-Waitemata Harbour,3,0,1,0,0,1,0,0,0,0,1,0,0
Titirangi South,39,1,7,2,6,1,3,3,3,2,2,6,3
Torbay,32,2,1,5,4,3,7,1,1,2,1,2,3
Totara Heights,83,3,11,3,4,6,7,10,6,11,5,9,8
Tuff Crater,345,9,81,35,11,22,26,24,17,12,15,56,37
Turanga,35,4,2,1,2,2,3,2,3,3,6,3,4
Unsworth Heights,16,3,1,0,1,1,2,2,2,1,1,2,0
Urlich,44,4,3,1,2,7,6,0,3,10,5,2,1
Vipond,14,2,0,1,0,2,2,1,3,1,1,1,0
Viscount,77,5,9,6,8,6,5,7,4,6,8,4,9
Wade Heads,180,17,13,16,6,9,9,26,16,14,22,16,16
Waiake,32,2,2,2,2,1,3,1,2,5,3,5,4
Waiata,26,2,1,3,1,1,2,1,3,5,3,2,2
Waiheke Island,156,10,13,14,29,10,12,14,14,11,13,11,5
Waikowhai East,64,7,2,10,4,10,5,0,4,6,6,4,6
Waikowhai West,30,8,2,3,4,2,1,4,0,4,1,1,0
Waima,20,1,0,2,2,4,4,0,2,1,1,2,1
Waimauku,12,0,1,0,0,3,2,0,0,1,1,1,3
Waimumu North,106,6,10,17,7,10,11,5,9,4,12,8,7
Waimumu South,44,4,2,3,7,2,1,6,7,2,4,4,2
Waipareira West,4,0,1,0,0,0,1,0,0,0,0,0,2
Waitakere,13,1,1,1,2,0,2,0,0,3,1,1,1
Waitakere West,6,1,0,0,0,2,1,2,0,0,0,0,0
Waitaramoa,35,5,4,4,4,3,1,2,0,4,2,3,3
Waiuku East,202,16,26,21,17,14,16,13,19,20,16,9,15
Waiuku West,142,9,17,10,9,17,13,10,11,15,6,10,15
Waiwera,2,0,0,0,0,0,0,1,0,0,1,0,0
Wakeling,95,6,5,9,9,5,9,3,13,9,9,9,9
Walmsley,634,38,51,48,53,53,42,52,29,50,35,97,86
Warkworth,411,32,47,33,35,33,35,33,30,29,30,38,36
Waterview,113,7,9,4,5,6,17,11,15,14,12,10,3
Wattle Farm,88,7,9,10,9,13,4,5,4,6,9,8,4
Weiti River,148,18,25,10,14,9,9,14,3,19,10,9,8
Wellsford,72,8,5,10,4,6,9,6,6,6,5,2,5
Wesley,627,47,42,24,35,32,54,56,38,63,74,93,69
West Harbour,69,6,1,7,9,9,4,10,9,3,3,7,1
Westgate,1235,105,119,92,90,121,92,114,127,96,86,95,98
Westlake,816,72,61,56,44,45,79,64,64,71,80,98,82
Westmere,229,42,12,9,11,6,8,17,7,28,34,33,22
Weymouth East,101,4,8,10,8,12,9,10,7,7,11,9,6
Weymouth West,48,2,4,2,6,2,9,6,4,5,1,2,5
Whangapouri Creek,13,0,2,0,2,0,2,1,0,0,1,1,4
Whenuapai West,706,54,62,66,52,61,69,55,33,74,54,63,63
Windsor Park,247,16,26,28,21,29,20,15,17,25,15,18,17
Windy Ridge,37,2,1,2,5,4,2,7,2,3,1,4,4
Wiri,398,26,26,36,43,25,33,33,21,37,39,39,40
Witheford,17,1,3,0,2,3,3,0,0,0,1,3,1
Woodglen,102,7,8,9,7,5,9,8,12,17,9,6,5
Wymondley,32,0,5,2,3,2,0,6,2,4,1,5,2
