area,dwell,nBedrms,nLodged,nClosed,nCurr,mean,lq,med,uq,sd,brr,lmean,lsd,slq,suq
Albany Ward,Apartment,1,138,123,318,532,460,540,595,164,3.65,6.2423,0.2693,429,616
Albany Ward,Apartment,2,273,234,639,627,575,615,670,85,3.76,6.432,0.1314,569,679
Albany Ward,Apartment,3,63,66,162,759,655,730,800,224,3.69,6.6016,0.2338,629,862
Albany Ward,Apartment,4,6,3,33,887,660,720,863,410,3.5,6.7198,0.3752,643,1067
Albany Ward,Apartment,NA,12,18,39,531,450,508,625,97,3.52,6.2598,0.1838,462,592
Albany Ward,Boarding House,1,9,6,30,413,340,380,525,134,3.36,5.9716,0.3599,308,500
Albany Ward,Flat,1,87,90,312,462,400,460,500,106,3.53,6.1079,0.2533,379,533
Albany Ward,Flat,2,99,132,420,560,500,565,600,118,3.66,6.3061,0.2182,473,635
Albany Ward,Flat,3,12,9,81,629,603,650,665,76,3.53,6.4364,0.1264,573,680
Albany Ward,House,1,1314,123,1470,748,600,700,850,220,4.26,6.5767,0.2863,592,871
Albany Ward,House,2,555,522,1635,617,570,613,650,105,3.81,6.4071,0.236,517,711
Albany Ward,House,3,1107,1104,3795,743,680,730,790,152,3.84,6.5932,0.1979,639,834
Albany Ward,House,4,843,873,2868,898,800,875,950,225,3.91,6.77,0.3151,704,1078
Albany Ward,House,5,33,39,105,966,789,950,1100,297,3.94,6.8316,0.293,760,1129
Albany Ward,House,5+,339,312,1053,1063,950,1050,1200,257,3.88,6.9307,0.305,833,1257
Albany Ward,House,NA,573,474,1605,774,630,750,880,223,4.05,6.5931,0.5529,503,1060
Albany Ward,Room,1,99,78,309,391,285,400,420,179,3.4,5.8972,0.3714,283,468
Albany Ward,Room,NA,66,87,84,337,245,393,401,99,3.41,5.7779,0.2924,265,394
Albert-Eden-Roskill Ward,Apartment,1,297,273,702,500,450,490,550,88,3.76,6.1971,0.1903,432,559
Albert-Eden-Roskill Ward,Apartment,2,486,375,1197,631,551,620,684,121,3.71,6.4277,0.2134,536,715
Albert-Eden-Roskill Ward,Apartment,3,114,75,267,740,660,700,780,168,4.18,6.5825,0.2237,621,840
Albert-Eden-Roskill Ward,Apartment,4,12,6,24,897,883,900,938,96,4.03,6.7938,0.1095,829,961
Albert-Eden-Roskill Ward,Apartment,NA,87,24,105,632,540,595,695,196,4.04,6.4218,0.2127,533,710
Albert-Eden-Roskill Ward,Boarding House,1,138,96,123,272,235,275,294,89,2.92,5.5567,0.316,209,320
Albert-Eden-Roskill Ward,Boarding House,NA,33,45,33,296,240,300,350,99,3.09,5.6303,0.3609,219,356
Albert-Eden-Roskill Ward,Flat,1,303,345,1257,465,420,460,500,102,3.77,6.112,0.274,375,543
Albert-Eden-Roskill Ward,Flat,2,402,561,2085,570,520,570,608,134,3.76,6.316,0.2722,461,665
Albert-Eden-Roskill Ward,Flat,3,42,84,258,691,650,685,743,109,3.62,6.5228,0.194,597,776
Albert-Eden-Roskill Ward,Flat,NA,6,15,33,416,90,213,539,503,3.8,5.4597,1.2293,103,539
Albert-Eden-Roskill Ward,House,1,1404,183,1629,709,540,650,800,296,4.01,6.4848,0.415,495,867
Albert-Eden-Roskill Ward,House,2,558,555,1839,651,570,628,695,171,3.8,6.4526,0.2276,544,740
Albert-Eden-Roskill Ward,House,3,1053,1116,3858,765,680,750,850,179,3.8,6.6125,0.2672,622,891
Albert-Eden-Roskill Ward,House,4,564,531,1938,971,825,930,1100,272,3.83,6.8365,0.3084,756,1147
Albert-Eden-Roskill Ward,House,5,33,33,93,725,265,785,1097,468,3.92,6.3548,0.7114,356,929
Albert-Eden-Roskill Ward,House,5+,195,183,660,1096,950,1100,1295,368,3.81,6.9261,0.4286,763,1360
Albert-Eden-Roskill Ward,House,NA,396,474,1071,761,560,715,883,332,3.87,6.557,0.397,539,920
Albert-Eden-Roskill Ward,Room,1,72,57,180,353,296,350,380,129,3.01,5.7882,0.5176,230,463
Albert-Eden-Roskill Ward,Room,NA,21,18,24,355,300,350,410,102,2.84,5.8291,0.3063,277,418
Franklin Ward,Apartment,1,24,18,54,408,390,400,430,26,4.07,6.0095,0.0633,390,425
Franklin Ward,Apartment,2,45,24,63,531,500,530,550,83,3.62,6.2636,0.1584,472,584
Franklin Ward,Apartment,3,6,3,12,584,560,570,599,38,3.68,6.3685,0.063,559,608
Franklin Ward,Flat,1,24,30,111,429,379,410,456,106,3.18,6.0393,0.202,366,481
Franklin Ward,Flat,2,30,42,162,503,454,498,543,81,3.98,6.2081,0.1538,448,551
Franklin Ward,House,1,483,48,546,667,560,650,750,188,4.26,6.4578,0.3278,511,795
Franklin Ward,House,2,243,219,708,558,500,550,600,113,3.79,6.3013,0.2395,464,641
Franklin Ward,House,3,570,552,1893,651,590,630,675,175,3.83,6.4525,0.2654,530,759
Franklin Ward,House,4,354,348,1128,778,700,750,830,154,3.91,6.6389,0.1848,675,866
Franklin Ward,House,5+,63,63,228,988,815,880,1100,334,3.86,6.8426,0.3442,743,1182
Franklin Ward,House,NA,273,204,645,712,620,690,780,160,4,6.5463,0.2073,606,801
Howick Ward,Apartment,1,36,51,99,486,420,500,500,98,3.93,6.1671,0.1951,418,544
Howick Ward,Apartment,2,150,120,366,577,550,580,600,47,3.92,6.3542,0.0833,543,608
Howick Ward,Apartment,3,36,33,99,662,633,665,699,59,3.8,6.491,0.0908,620,701
Howick Ward,Boarding House,1,24,9,27,458,375,523,558,139,2.98,6.066,0.3845,333,559
Howick Ward,Boarding House,NA,12,15,18,424,319,420,493,128,2.4,6.0067,0.3076,330,500
Howick Ward,Flat,1,51,48,207,477,380,450,500,193,3.62,6.1187,0.2839,375,550
Howick Ward,Flat,2,150,165,669,560,500,550,595,95,3.42,6.3129,0.1788,489,622
Howick Ward,Flat,3,27,36,114,629,600,650,700,122,3.71,6.4226,0.2243,529,716
Howick Ward,House,1,966,78,1053,736,600,710,850,199,4.2,6.5619,0.2948,580,863
Howick Ward,House,2,459,423,1431,605,550,600,650,126,3.72,6.387,0.193,522,677
Howick Ward,House,3,1032,1113,3825,710,660,700,750,105,3.91,6.556,0.1367,641,771
Howick Ward,House,4,735,726,2655,849,790,830,870,335,3.86,6.7237,0.1687,742,932
Howick Ward,House,5,24,24,117,915,849,893,950,142,3.79,6.8092,0.1423,823,997
Howick Ward,House,5+,333,294,1014,1030,900,990,1150,239,3.88,6.9075,0.2603,839,1192
Howick Ward,House,NA,414,444,1287,784,650,750,850,317,3.94,6.6206,0.2785,622,905
Howick Ward,Room,1,18,21,69,450,305,488,550,179,3.5,6.0233,0.4443,306,557
Howick Ward,Room,NA,12,9,27,416,273,470,550,161,3.19,5.942,0.4689,277,522
Manukau Ward,Apartment,1,153,171,519,408,385,420,469,114,3.81,5.9482,0.4174,289,508
Manukau Ward,Apartment,2,156,114,378,522,500,540,560,87,3.9,6.2082,0.5395,345,715
Manukau Ward,Apartment,3,27,24,75,621,599,645,656,95,3.93,6.4144,0.2076,531,702
Manukau Ward,Boarding House,1,87,39,234,324,265,350,400,87,3.9,5.7352,0.3301,248,387
Manukau Ward,Flat,1,87,126,543,427,395,425,460,72,3.77,6.0391,0.2166,362,486
Manukau Ward,Flat,2,186,336,1305,508,470,520,570,125,3.76,6.1758,0.3995,367,630
Manukau Ward,Flat,3,24,45,150,612,560,635,694,109,3.77,6.3998,0.1973,527,687
Manukau Ward,House,1,1644,135,1761,569,475,585,680,169,3.99,6.2795,0.4113,404,704
Manukau Ward,House,2,501,498,1596,574,550,580,620,100,3.72,6.3306,0.2448,476,662
Manukau Ward,House,3,918,990,4227,684,650,680,720,237,3.82,6.5049,0.2043,582,767
Manukau Ward,House,4,303,327,1329,730,698,755,820,152,3.92,6.5617,0.2759,587,852
Manukau Ward,House,5,18,15,60,491,297,385,749,312,4,5.9401,0.8066,221,655
Manukau Ward,House,5+,93,96,366,1046,880,950,1050,588,3.72,6.9001,0.2631,831,1185
Manukau Ward,House,NA,630,534,1638,633,540,630,700,321,3.96,6.398,0.3141,486,742
Manukau Ward,Room,1,33,48,285,377,364,395,400,78,3.65,5.9068,0.2423,312,433
Manurewa-Papakura Ward,Apartment,1,48,24,81,481,430,480,500,201,3.78,6.1079,0.3975,344,588
Manurewa-Papakura Ward,Apartment,2,69,36,138,517,500,540,570,104,3.82,6.2162,0.29,412,609
Manurewa-Papakura Ward,Apartment,3,12,3,36,514,400,485,639,117,4.1,6.2181,0.2269,431,585
Manurewa-Papakura Ward,Apartment,5+,6,0,6,425,400,400,400,61,4,6.0445,0.13,386,460
Manurewa-Papakura Ward,Boarding House,1,129,108,141,495,475,500,500,55,3.03,6.1967,0.1333,449,537
Manurewa-Papakura Ward,Flat,1,45,51,228,423,368,410,450,136,3.74,6.0008,0.3296,323,504
Manurewa-Papakura Ward,Flat,2,147,201,633,534,468,525,560,383,3.64,6.2123,0.3228,401,620
Manurewa-Papakura Ward,Flat,3,15,24,87,631,580,600,690,66,3.84,6.4426,0.1029,586,673
Manurewa-Papakura Ward,House,1,1833,132,1878,623,555,650,710,175,4.07,6.3753,0.3989,449,768
Manurewa-Papakura Ward,House,2,462,441,1305,562,540,570,610,100,3.83,6.3054,0.2605,459,653
Manurewa-Papakura Ward,House,3,1383,1599,5586,668,630,670,700,119,3.96,6.4895,0.1911,579,749
Manurewa-Papakura Ward,House,4,453,528,1971,771,730,775,820,100,3.9,6.6356,0.1778,676,859
Manurewa-Papakura Ward,House,5,21,9,75,802,750,810,870,127,4,6.6743,0.1629,709,884
Manurewa-Papakura Ward,House,5+,132,159,540,955,850,945,1050,201,3.91,6.8285,0.3028,753,1133
Manurewa-Papakura Ward,House,NA,732,633,1821,650,584,660,740,163,3.98,6.4301,0.3513,489,786
Manurewa-Papakura Ward,Room,1,6,27,99,297,270,320,348,112,1.98,5.6034,0.5169,191,385
Manurewa-Papakura Ward,Room,NA,6,9,15,402,327,415,441,69,2.32,5.9832,0.1736,353,446
Maungakiekie-Tamaki Ward,Apartment,1,210,156,429,553,490,585,620,118,3.86,6.2785,0.3217,429,662
Maungakiekie-Tamaki Ward,Apartment,2,330,207,771,601,550,595,680,147,3.86,6.349,0.3722,445,735
Maungakiekie-Tamaki Ward,Apartment,3,45,21,129,698,600,650,755,234,3.82,6.488,0.3655,514,841
Maungakiekie-Tamaki Ward,Apartment,NA,18,18,39,579,475,575,633,108,4,6.3441,0.1884,501,646
Maungakiekie-Tamaki Ward,Boarding House,NA,9,3,12,373,370,370,380,14,4,5.9206,0.0371,363,382
Maungakiekie-Tamaki Ward,Flat,1,69,81,534,402,380,430,455,140,3.65,5.8925,0.5364,252,520
Maungakiekie-Tamaki Ward,Flat,2,201,294,1431,556,520,550,593,158,3.71,6.2872,0.2815,445,650
Maungakiekie-Tamaki Ward,Flat,3,21,63,270,616,580,640,678,123,3.79,6.3922,0.2952,489,729
Maungakiekie-Tamaki Ward,House,1,1077,117,1209,620,515,620,720,191,4.23,6.3725,0.3701,456,752
Maungakiekie-Tamaki Ward,House,2,492,510,1974,546,530,600,650,180,3.75,6.1943,0.5617,335,716
Maungakiekie-Tamaki Ward,House,3,693,750,3420,668,650,700,750,203,3.81,6.4251,0.4741,448,850
Maungakiekie-Tamaki Ward,House,4,297,273,1011,779,720,823,894,284,3.92,6.5648,0.5041,505,997
Maungakiekie-Tamaki Ward,House,5+,45,45,189,821,537,890,1068,373,3.8,6.5526,0.6403,455,1080
Maungakiekie-Tamaki Ward,House,NA,390,339,930,674,595,660,750,166,4.07,6.4772,0.2981,532,795
Maungakiekie-Tamaki Ward,Room,1,54,18,93,391,346,393,430,110,2.76,5.9342,0.2681,315,453
Maungakiekie-Tamaki Ward,Room,NA,27,51,42,405,373,400,425,99,2.71,5.9793,0.216,342,457
North Shore Ward,Apartment,1,111,108,267,556,480,530,625,118,3.8,6.3009,0.1987,477,623
North Shore Ward,Apartment,2,270,225,648,676,590,625,700,236,3.75,6.4877,0.2103,570,757
North Shore Ward,Apartment,3,33,42,138,740,620,700,850,191,3.92,6.5716,0.2842,590,865
North Shore Ward,Apartment,NA,6,18,18,733,580,600,694,344,4,6.5296,0.3603,537,874
North Shore Ward,Boarding House,1,21,18,24,347,210,310,480,152,3.14,5.7594,0.4318,237,424
North Shore Ward,Boarding House,NA,12,9,15,335,250,340,430,118,2.93,5.752,0.3728,245,405
North Shore Ward,Flat,1,114,144,453,486,408,450,520,170,3.59,6.1393,0.2973,379,567
North Shore Ward,Flat,2,213,306,1230,593,550,585,633,122,3.73,6.3653,0.1957,509,663
North Shore Ward,Flat,3,39,48,204,672,620,678,720,125,3.79,6.4872,0.2423,558,773
North Shore Ward,House,1,1086,120,1248,737,610,690,830,218,4.21,6.5638,0.2759,589,854
North Shore Ward,House,2,591,675,1935,631,580,620,660,126,3.86,6.4306,0.1857,547,703
North Shore Ward,House,3,1164,1329,4695,759,680,730,800,204,3.85,6.6017,0.255,620,875
North Shore Ward,House,4,600,591,1986,957,795,890,1000,472,3.77,6.7922,0.3716,693,1145
North Shore Ward,House,5,9,18,57,1050,820,950,1275,454,4,6.8731,0.4353,720,1296
North Shore Ward,House,5+,129,150,477,1149,900,1000,1200,631,3.75,6.9206,0.5331,707,1451
North Shore Ward,House,NA,387,360,981,811,640,720,893,300,3.96,6.6458,0.3137,623,951
North Shore Ward,Room,1,36,36,156,322,200,250,384,155,3.33,5.6793,0.4251,220,390
North Shore Ward,Room,NA,9,9,15,373,240,400,450,175,2.54,5.8179,0.505,239,473
Orakei Ward,Apartment,1,93,78,216,585,480,530,580,556,3.39,6.2738,0.3343,423,665
Orakei Ward,Apartment,2,207,186,612,687,570,650,750,174,3.82,6.5059,0.2253,575,779
Orakei Ward,Apartment,3,48,48,126,1062,721,850,1156,554,3.47,6.873,0.4095,733,1273
Orakei Ward,Apartment,4,9,9,18,953,570,950,1250,440,4,6.7662,0.4583,637,1182
Orakei Ward,Apartment,NA,6,9,12,866,636,700,809,518,3.08,6.6618,0.4326,584,1047
Orakei Ward,Flat,1,93,123,486,464,420,450,495,126,3.63,6.1089,0.2567,378,535
Orakei Ward,Flat,2,156,282,1050,608,550,580,650,235,3.76,6.3583,0.3426,458,727
Orakei Ward,Flat,3,15,30,120,726,610,690,850,203,4,6.5477,0.3033,569,856
Orakei Ward,Flat,NA,6,6,21,318,310,330,333,46,3.7,5.7527,0.1519,284,349
Orakei Ward,House,1,699,90,762,795,550,720,950,334,4.2,6.5995,0.3962,562,960
Orakei Ward,House,2,243,270,888,690,600,670,749,178,3.84,6.51,0.2279,576,783
Orakei Ward,House,3,555,630,2028,861,750,850,946,189,3.88,6.7239,0.3622,652,1062
Orakei Ward,House,4,339,390,1155,1109,900,1015,1250,389,3.92,6.9532,0.3509,826,1326
Orakei Ward,House,5,15,12,51,1402,1100,1250,1500,506,4,7.197,0.31,1083,1646
Orakei Ward,House,5+,108,123,330,1343,1150,1250,1500,416,3.92,7.1436,0.3896,973,1646
Orakei Ward,House,NA,204,291,567,936,650,895,1150,488,3.98,6.7327,0.4606,615,1145
Orakei Ward,Room,1,9,15,39,298,280,285,350,43,2.67,5.6888,0.1464,268,326
Rodney Ward,Apartment,1,15,15,30,457,420,450,530,86,4,6.1073,0.1961,393,513
Rodney Ward,Apartment,2,18,9,36,532,521,558,560,68,3.75,6.2674,0.1383,480,579
Rodney Ward,Flat,1,27,27,114,426,365,400,450,150,3.38,6.0119,0.2762,339,492
Rodney Ward,Flat,2,30,30,102,557,480,525,593,148,3.4,6.296,0.2197,468,629
Rodney Ward,House,1,399,45,471,682,530,650,800,230,4.24,6.4697,0.3353,515,809
Rodney Ward,House,2,258,213,699,575,530,570,600,116,3.69,6.3388,0.1667,506,633
Rodney Ward,House,3,294,348,1104,678,600,660,750,142,3.83,6.496,0.2239,570,770
Rodney Ward,House,4,306,243,852,895,750,830,900,590,3.73,6.7183,0.4774,600,1142
Rodney Ward,House,5+,66,66,240,1263,890,1050,1350,782,3.76,7.0348,0.4215,854,1509
Rodney Ward,House,NA,183,132,537,756,600,740,840,254,4.04,6.5326,0.8667,383,1233
Waitakere Ward,Apartment,1,48,27,156,450,430,475,500,109,3.79,6.0491,0.4244,318,564
Waitakere Ward,Apartment,2,90,51,246,508,495,550,585,134,3.86,6.1628,0.4495,351,643
Waitakere Ward,Apartment,3,21,9,69,614,580,625,669,120,3.95,6.3875,0.307,483,731
Waitakere Ward,Apartment,NA,12,9,21,562,490,540,608,89,4.19,6.3209,0.151,502,616
Waitakere Ward,Boarding House,1,6,6,12,292,200,260,391,121,2.33,5.6037,0.4156,205,359
Waitakere Ward,Flat,1,66,66,273,437,374,420,480,123,3.48,6.0352,0.3205,337,519
Waitakere Ward,Flat,2,81,123,531,503,498,520,560,133,3.86,6.1568,0.434,352,632
Waitakere Ward,Flat,3,21,30,147,613,550,600,650,96,3.8,6.4066,0.153,546,672
Waitakere Ward,House,1,1692,153,1947,586,530,600,685,189,4.17,6.2807,0.5123,378,755
Waitakere Ward,House,2,705,663,2214,572,545,580,600,108,3.87,6.326,0.2543,471,663
Waitakere Ward,House,3,1536,1671,6522,651,610,650,695,116,3.92,6.4584,0.2245,548,742
Waitakere Ward,House,4,480,513,2085,753,700,760,830,141,3.91,6.5942,0.2903,601,889
Waitakere Ward,House,5,6,12,48,761,676,800,884,188,4,6.6033,0.2753,613,888
Waitakere Ward,House,5+,114,123,513,921,823,900,1000,319,3.86,6.7843,0.2858,729,1072
Waitakere Ward,House,NA,756,576,2013,614,560,615,700,211,4.03,6.3356,0.4866,406,784
Waitakere Ward,Room,1,12,15,93,269,226,300,310,49,3.42,5.5786,0.1977,232,302
Waitemata and Gulf Ward,Apartment,1,3138,2493,6345,480,401,460,520,144,3.86,6.1404,0.3046,378,570
Waitemata and Gulf Ward,Apartment,2,1941,2175,4815,624,500,595,700,226,3.82,6.3848,0.3311,474,741
Waitemata and Gulf Ward,Apartment,3,324,336,780,704,339,730,850,396,3.62,6.3942,0.5899,402,891
Waitemata and Gulf Ward,Apartment,4,66,72,81,492,275,300,658,404,2.72,5.9874,0.599,266,597
Waitemata and Gulf Ward,Apartment,5,24,24,27,333,310,310,310,67,2.07,5.7883,0.1934,287,372
Waitemata and Gulf Ward,Apartment,5+,15,6,33,808,565,760,1025,287,3.34,6.6339,0.3697,593,976
Waitemata and Gulf Ward,Apartment,NA,270,399,408,445,338,389,545,177,3.93,6.0297,0.3712,324,534
Waitemata and Gulf Ward,Boarding House,1,84,78,135,295,235,295,350,75,2.92,5.656,0.2463,242,338
Waitemata and Gulf Ward,Boarding House,NA,33,45,15,306,230,320,340,72,2.54,5.6962,0.2378,254,350
Waitemata and Gulf Ward,Flat,1,243,264,774,466,400,460,520,130,3.92,6.1069,0.2839,371,544
Waitemata and Gulf Ward,Flat,2,123,165,501,625,520,600,700,232,3.76,6.3707,0.3837,451,757
Waitemata and Gulf Ward,Flat,3,45,48,129,556,261,400,811,305,3.56,6.1691,0.5622,327,698
Waitemata and Gulf Ward,House,1,2979,423,3069,588,420,510,650,306,4,6.2868,0.407,408,707
Waitemata and Gulf Ward,House,2,351,414,882,727,600,700,795,267,3.77,6.525,0.393,523,889
Waitemata and Gulf Ward,House,3,474,492,1353,960,780,900,1050,432,3.73,6.8046,0.3541,710,1145
Waitemata and Gulf Ward,House,4,156,174,540,1290,950,1110,1500,674,3.8,7.05,0.483,832,1597
Waitemata and Gulf Ward,House,5,24,24,33,614,235,305,350,1247,3.54,5.8523,0.7843,205,591
Waitemata and Gulf Ward,House,5+,39,51,150,1405,1030,1300,1575,657,3.39,7.1365,0.5276,881,1794
Waitemata and Gulf Ward,House,NA,834,996,1371,648,450,560,723,369,3.94,6.3646,0.4421,431,783
Waitemata and Gulf Ward,Room,1,555,447,810,364,260,370,469,114,2.68,5.848,0.3229,279,431
Waitemata and Gulf Ward,Room,2,9,9,12,484,465,480,515,66,4,6.1727,0.1387,437,527
Waitemata and Gulf Ward,Room,5,9,9,6,314,280,330,345,36,3,5.7446,0.1164,289,338
Waitemata and Gulf Ward,Room,NA,120,156,99,290,200,275,335,93,2.61,5.6293,0.2831,230,337
Whau Ward,Apartment,1,96,45,198,467,430,488,505,60,3.99,6.1317,0.1971,403,526
Whau Ward,Apartment,2,96,75,249,554,520,550,600,65,3.84,6.3099,0.1216,507,597
Whau Ward,Apartment,3,18,9,63,630,558,623,668,75,3.95,6.4392,0.1178,578,678
Whau Ward,Apartment,4,6,0,12,408,400,400,420,10,4,6.0098,0.0253,401,414
Whau Ward,Apartment,NA,6,3,9,573,518,595,650,97,4,6.3387,0.1762,503,637
Whau Ward,Boarding House,1,6,15,36,373,324,393,450,118,3.07,5.8681,0.3755,274,455
Whau Ward,Boarding House,NA,6,15,9,315,325,340,340,51,3.81,5.7383,0.1903,273,353
Whau Ward,Flat,1,45,63,285,454,395,425,470,187,3.47,6.0663,0.3007,352,528
Whau Ward,Flat,2,99,138,594,535,500,540,580,94,3.74,6.2603,0.2385,446,615
Whau Ward,Flat,3,9,24,96,586,500,595,623,104,3.56,6.3601,0.1698,516,648
Whau Ward,Flat,4,6,3,18,773,713,755,798,130,4,6.6384,0.1623,685,852
Whau Ward,House,1,810,81,915,582,485,620,720,210,4.06,6.2525,0.5718,353,764
Whau Ward,House,2,285,330,1095,571,540,580,620,106,3.83,6.3142,0.3138,447,683
Whau Ward,House,3,708,804,3021,674,630,675,725,90,3.87,6.5027,0.1621,598,744
Whau Ward,House,4,255,234,960,762,708,795,850,160,3.87,6.6014,0.2972,602,900
Whau Ward,House,5,6,6,27,832,695,860,958,153,4,6.7086,0.1908,720,932
Whau Ward,House,5+,54,57,228,1004,896,985,1050,454,3.51,6.8484,0.3631,738,1204
Whau Ward,House,NA,312,246,855,633,560,650,720,180,3.94,6.3942,0.3851,461,776
Whau Ward,Room,1,15,21,84,440,400,430,500,167,3.11,6.0085,0.4328,304,545
Whau Ward,Room,NA,21,18,24,361,300,370,430,97,2.24,5.8464,0.3104,281,427
